"id","race","Snp1","Snp2","Snp3","Snp4","Snp5","Snp6","Snp7","Snp8","Snp9","Snp10","Snp11","Snp12","Snp13","Snp14","Snp15","Snp16","Snp17","Snp18","Snp19","Snp20","Snp21","Snp22","Snp23","Snp24","Snp25","Snp26","Snp27","Snp28","Snp29","Snp30","Snp31","Snp32","Snp33","Snp34","Snp35","Snp36","Snp37","Snp38","Snp39","Snp40","Snp41","Snp42","Snp43","Snp44","Snp45","Snp46","Snp47","Snp48","Snp49","Snp50","Snp51","Snp52","Snp53","Snp54","Snp55","Snp56","Snp57","Snp58","Snp59","Snp60","Snp61","Snp62","Snp63","Snp64","Snp65","Snp66","Snp67","Snp68","Snp69","Snp70","Snp71","Snp72","Snp73","Snp74","Snp75","Snp76","Snp77","Snp78","Snp79","Snp80","Snp81","Snp82","Snp83","Snp84","Snp85","Snp86","Snp87","Snp88","Snp89","Snp90","Snp91","Snp92","Snp93","Snp94","Snp95","Snp96","Snp97","Snp98","Snp99","Snp100"
"NA19919","African American",0,0,0,0,0,0,1,0,1,0,0,1,0,0,0,0,0,1,0,2,0,1,1,0,1,0,0,2,0,0,0,1,0,0,1,1,0,0,1,1,1,2,0,0,0,0,2,0,1,0,0,0,2,0,0,1,0,0,0,1,1,2,1,1,0,1,0,0,1,0,2,0,1,0,0,0,1,2,1,1,1,0,0,1,1,1,1,0,2,1,1,0,1,0,0,0,0,0,0,1
"NA19916","African American",0,0,0,0,0,1,0,0,0,2,0,1,2,0,0,1,0,0,0,2,0,0,0,0,2,0,0,0,0,0,0,1,0,0,1,0,0,0,1,0,0,0,0,0,0,0,0,0,0,0,0,0,1,2,2,1,0,0,0,1,1,0,0,1,1,1,1,0,1,0,1,0,2,0,0,0,1,0,1,0,1,0,1,0,1,1,0,1,0,1,0,0,0,1,0,0,1,0,0,0
"NA19835","African American",0,0,0,0,0,1,1,0,0,1,1,1,1,0,0,0,0,1,0,2,0,0,0,0,1,0,1,0,0,0,0,0,0,0,0,2,0,0,1,0,0,1,0,0,0,0,1,1,0,0,0,1,1,1,1,2,0,0,0,2,1,1,0,2,1,1,0,1,0,1,1,0,0,1,0,0,0,0,0,0,1,0,1,0,0,1,0,0,0,0,0,0,0,1,0,0,1,0,1,1
"NA20282","African American",0,0,0,0,0,0,0,0,0,1,0,1,0,0,0,1,1,0,0,0,0,0,2,0,1,0,0,1,0,0,0,0,0,1,1,1,0,0,0,0,0,1,1,0,0,1,1,0,0,0,0,1,1,0,0,1,0,0,1,2,1,1,1,1,1,1,2,0,1,0,2,0,0,0,0,1,0,0,0,0,0,1,2,2,0,1,0,1,1,0,0,0,1,0,0,0,1,1,0,2
"NA19703","African American",1,0,0,1,0,0,1,0,0,0,0,1,1,0,1,0,0,1,0,2,0,1,0,0,0,1,0,1,0,0,0,0,0,1,0,0,0,0,1,0,0,1,0,0,0,1,1,1,0,0,0,0,0,0,0,2,0,0,0,2,2,2,0,2,2,1,0,1,1,0,0,0,0,0,0,0,0,1,1,1,1,0,1,1,2,2,0,0,0,1,1,1,1,1,0,0,1,0,1,2
"NA19902","African American",0,0,0,0,0,1,0,0,1,1,0,1,0,0,1,1,0,1,0,2,0,1,0,0,1,0,0,0,0,0,0,0,0,2,0,1,0,0,1,1,0,2,1,0,0,0,0,1,0,0,0,0,0,0,0,0,0,0,0,1,1,2,0,1,0,2,1,0,0,0,0,0,2,0,1,0,1,1,0,0,1,1,1,2,2,2,1,0,0,0,0,1,2,1,0,1,0,0,0,1
"NA19901","African American",1,0,0,0,0,1,0,0,0,0,0,1,0,0,0,0,0,1,0,1,0,1,0,0,0,0,0,0,0,0,0,0,0,1,0,2,0,0,1,1,0,2,0,0,0,1,1,0,0,0,0,1,0,0,1,0,0,0,0,1,0,1,0,1,0,1,0,1,0,0,0,0,2,0,0,0,0,1,0,0,1,0,1,1,2,2,1,0,0,0,0,1,1,0,0,0,0,0,0,2
"NA19908","African American",0,1,0,0,0,0,1,0,0,0,0,1,0,0,0,0,0,2,0,2,0,1,2,0,1,0,0,1,0,0,0,2,0,0,0,0,0,0,1,0,0,1,1,0,0,1,1,0,1,0,0,1,1,0,0,2,0,1,0,2,1,1,1,1,1,2,1,0,1,0,1,0,2,0,0,0,1,1,1,2,2,1,0,0,2,0,0,0,2,0,1,0,1,0,0,0,0,0,0,2
"NA19914","African American",0,0,0,0,0,1,0,0,0,0,0,1,0,0,1,0,0,0,0,2,0,0,1,0,0,0,0,1,0,0,0,0,0,0,0,1,0,0,0,1,0,0,1,0,0,1,0,0,0,0,0,1,1,1,0,0,1,0,1,1,1,1,0,2,0,1,1,0,1,1,1,0,0,0,0,0,1,0,0,0,0,1,1,1,2,2,0,1,0,1,0,1,1,0,0,1,0,0,1,0
"NA20287","African American",0,0,0,1,0,0,0,0,0,2,0,2,NA,0,0,0,0,1,0,1,0,1,1,0,1,0,0,0,0,0,0,0,0,1,0,2,1,0,1,0,0,1,0,0,0,1,2,0,0,0,0,0,1,0,0,0,0,1,1,2,2,2,0,1,1,1,0,2,0,1,1,0,0,0,0,0,2,1,1,0,1,2,1,0,2,2,0,0,0,0,1,0,1,1,0,0,0,0,0,0
"NA19713","African American",0,0,0,2,0,0,0,0,0,1,0,2,0,0,1,0,0,0,0,1,0,0,0,0,1,1,0,1,0,1,1,1,0,0,0,1,0,0,1,1,1,2,0,0,0,1,1,0,0,0,0,0,0,0,1,1,0,0,0,1,0,2,0,1,2,0,2,0,0,0,2,2,0,0,1,0,0,2,0,0,2,1,0,1,1,1,1,0,0,2,0,0,1,1,0,0,0,0,1,1
"NA19904","African American",0,0,0,1,0,0,0,0,0,0,0,2,1,0,1,2,0,0,0,2,0,0,0,0,2,0,0,1,0,0,0,2,0,0,0,1,0,0,2,0,2,0,1,0,0,2,0,0,0,0,0,1,1,0,2,1,0,0,0,2,2,0,0,2,1,1,1,0,1,0,1,0,2,0,1,0,2,2,1,1,1,0,0,0,1,2,0,0,0,1,0,0,0,1,0,0,0,0,0,2
"NA19917","African American",0,0,0,2,0,0,1,0,0,1,0,2,0,0,0,0,0,2,0,2,0,0,0,0,2,0,0,0,0,1,1,0,0,0,0,2,0,0,1,0,0,1,1,0,0,2,2,0,0,0,0,1,0,0,1,2,0,0,1,2,2,0,0,2,0,0,1,2,0,0,2,0,1,0,0,0,2,0,1,0,2,1,1,0,1,2,0,0,0,0,1,0,0,1,0,0,0,0,0,2
"NA19982","African American",0,0,0,0,0,0,0,0,0,0,0,2,1,0,0,1,0,1,0,2,0,0,0,0,1,0,0,0,0,0,0,0,0,1,0,1,0,0,0,1,0,1,1,0,0,2,1,1,2,0,0,1,0,1,1,1,0,0,1,2,2,1,0,2,2,1,0,2,0,0,2,0,1,0,0,0,1,1,0,0,0,0,1,0,1,1,0,0,0,1,0,0,1,1,0,0,2,0,0,0
"NA19909","African American",0,0,0,0,0,1,0,0,1,0,1,1,1,0,1,1,0,0,0,1,1,0,0,0,1,0,0,2,0,0,0,1,0,1,1,1,0,0,1,1,1,1,1,0,0,1,1,0,0,0,0,0,1,0,0,0,0,0,0,0,1,2,1,2,0,1,0,0,0,0,1,0,0,0,0,0,2,1,2,1,1,0,1,1,1,2,1,0,1,1,0,1,1,0,0,0,0,0,0,0
"NA19834","African American",0,0,0,1,0,0,0,0,0,0,0,2,1,0,0,2,0,1,0,2,0,0,1,0,1,0,1,1,0,1,0,0,0,0,0,1,0,0,1,1,1,1,1,0,0,0,1,0,0,0,0,0,2,0,0,0,0,0,1,0,2,2,1,1,1,0,1,0,0,1,0,0,1,0,1,0,1,1,1,0,1,0,1,0,1,1,0,0,1,0,1,0,0,1,1,0,0,0,0,1
"NA19818","African American",0,0,0,0,0,0,0,0,1,2,0,0,1,0,1,0,0,0,1,0,1,0,2,0,1,0,1,0,0,0,0,1,1,0,1,0,0,0,1,1,1,0,1,0,0,0,1,0,1,0,0,0,1,0,0,1,1,0,2,2,2,0,0,0,1,2,1,0,0,1,1,0,1,0,0,1,2,0,0,1,1,2,0,0,2,0,1,0,0,1,0,1,0,0,1,0,0,1,1,0
"NA20290","African American",1,0,0,2,0,0,1,0,0,1,0,2,0,0,1,0,1,2,0,2,0,0,0,0,1,0,0,1,0,1,0,0,1,0,1,2,0,0,0,0,1,2,1,0,0,0,0,0,0,0,0,1,0,0,0,2,0,0,0,1,2,2,0,2,2,1,0,1,0,0,1,0,1,1,0,0,1,1,1,1,0,1,1,0,0,2,0,0,0,0,0,0,0,2,0,1,1,1,0,2
"NA19921","African American",0,1,0,0,0,1,1,0,1,1,1,1,0,0,1,0,0,2,0,1,1,1,0,0,0,1,0,0,0,0,1,1,0,0,0,1,0,0,2,0,2,1,2,0,0,1,2,0,0,0,0,0,0,0,1,2,0,1,0,1,0,0,0,1,1,0,1,0,0,1,0,1,0,0,0,0,0,1,0,1,1,1,0,0,1,2,2,0,0,2,0,0,0,1,0,0,0,0,0,1
"NA20281","African American",0,0,0,0,0,1,0,0,0,0,1,1,0,0,0,1,0,1,0,2,0,1,1,0,2,0,1,0,0,1,1,1,1,0,0,1,0,0,0,1,0,1,0,0,0,2,2,0,0,0,0,1,0,0,1,1,0,1,1,1,1,0,0,2,0,2,1,1,1,0,0,0,0,1,0,0,2,1,1,0,0,0,0,1,1,1,0,0,1,0,0,0,1,1,0,1,0,0,0,2
"NA19900","African American",0,0,0,1,0,0,0,0,2,1,0,1,0,0,1,2,0,1,0,2,0,0,1,0,2,0,0,1,0,0,1,0,1,1,1,1,0,0,1,0,0,2,1,0,0,1,1,1,0,0,0,0,1,0,0,1,0,0,0,2,2,1,0,0,1,2,1,0,0,0,0,1,2,0,1,0,1,0,0,1,0,1,1,1,1,1,1,0,0,0,0,0,1,2,0,1,0,0,0,1
"NA20128","African American",1,0,0,1,0,0,1,0,0,1,0,1,0,0,1,0,0,0,0,1,0,1,0,0,1,0,0,0,0,0,0,0,0,1,0,1,0,0,1,1,0,2,2,0,0,1,2,0,0,0,0,0,0,0,2,1,0,2,0,1,2,0,0,2,2,0,1,1,0,0,1,0,0,0,0,1,1,0,0,1,0,1,0,0,2,NA,0,0,1,1,1,1,0,1,1,0,1,0,0,1
"NA20277","African American",0,0,0,0,0,0,0,0,1,1,0,0,NA,0,1,0,0,0,0,1,0,1,0,0,1,0,0,0,0,0,0,1,1,0,1,2,0,0,0,1,0,0,1,0,0,1,1,1,1,0,0,0,2,1,0,2,1,0,1,1,2,1,0,0,2,1,0,0,0,0,2,0,1,0,1,1,1,0,1,0,2,1,2,0,1,1,0,0,1,2,0,1,1,0,0,0,0,0,0,2
"NA19819","African American",0,1,0,0,0,0,1,0,0,2,0,2,1,0,0,1,0,0,1,1,0,2,0,0,0,1,0,0,0,0,2,0,0,0,1,2,0,0,0,2,1,1,0,0,0,1,0,0,0,0,0,1,1,0,1,2,0,0,1,2,2,2,0,2,1,0,0,0,0,0,0,0,1,0,0,0,2,1,0,0,0,0,0,1,1,2,1,0,0,1,1,1,1,1,1,1,0,0,0,1
"NA19625","African American",0,0,0,1,0,0,0,0,0,0,0,1,0,0,0,0,1,1,1,2,0,1,1,0,1,1,0,1,0,1,1,1,0,0,0,2,0,0,0,0,1,2,0,0,0,1,2,0,1,0,0,1,0,1,1,0,0,0,1,2,1,2,0,1,2,2,0,0,0,0,1,0,0,1,0,0,0,1,0,0,1,0,1,0,1,2,0,1,1,0,1,1,2,1,0,0,0,0,0,1
"NA19700","African American",0,0,0,1,0,1,0,0,1,2,1,1,0,0,0,1,0,0,0,2,0,0,1,0,2,0,0,1,0,0,0,1,0,0,0,2,0,0,1,1,1,1,0,0,0,0,0,1,2,0,0,1,0,0,1,1,1,0,0,1,1,1,0,1,1,1,1,0,1,0,1,0,0,0,1,1,0,0,0,1,0,0,0,0,1,1,0,1,1,1,0,0,0,1,0,2,1,1,0,0
"NA20279","African American",0,1,0,0,0,0,0,0,0,2,0,0,0,0,1,2,0,0,0,0,0,0,1,0,1,0,0,1,0,1,0,0,0,1,1,1,0,0,1,0,0,1,1,0,0,1,0,0,0,0,0,1,1,0,1,1,0,0,0,2,2,0,1,1,2,1,1,0,1,0,1,0,0,0,0,0,1,1,1,0,1,0,1,1,1,2,0,1,0,0,0,0,1,0,0,0,0,0,0,2
"NA20288","African American",0,0,0,0,0,0,1,0,1,1,0,1,1,0,0,0,0,1,0,2,0,1,0,0,1,0,1,0,0,0,0,1,0,1,0,1,0,0,0,1,0,1,1,0,0,0,1,0,0,0,0,1,1,0,1,0,0,0,2,2,2,2,0,2,1,0,0,1,0,0,0,0,0,0,0,0,2,0,1,0,1,2,1,0,1,1,0,0,0,0,1,0,1,1,0,0,0,0,0,1
"NA20284","African American",0,0,0,0,0,0,0,0,0,0,1,2,1,0,1,1,1,0,1,1,0,0,2,0,2,0,0,1,0,0,0,1,0,0,1,1,0,0,1,0,1,1,0,0,0,1,1,0,0,0,0,0,1,0,1,1,0,0,0,2,1,0,1,0,2,2,2,0,0,0,1,0,0,0,0,1,1,1,0,1,0,1,1,1,0,1,0,0,1,1,0,0,0,0,1,0,2,1,0,1
"NA19712","African American",0,0,0,1,0,0,0,0,1,0,0,1,1,0,0,0,0,0,0,2,0,0,1,0,1,0,0,0,0,0,0,1,1,0,1,2,0,0,1,2,1,2,0,0,0,1,1,0,0,0,0,1,0,0,2,1,0,0,1,1,1,0,1,2,0,0,1,2,1,0,1,0,1,0,0,0,2,0,0,1,0,0,0,0,1,2,0,1,2,0,1,2,0,0,0,0,0,0,0,0
"NA19704","African American",0,0,0,0,0,0,1,0,0,0,0,0,0,0,1,0,0,1,0,2,0,0,1,0,2,0,0,0,0,0,0,0,0,0,1,1,0,0,0,0,0,1,1,0,0,1,1,0,0,0,0,1,0,0,1,1,0,0,0,2,2,0,0,1,1,1,1,0,0,0,NA,1,2,0,0,1,1,1,0,1,1,0,0,0,2,2,0,1,1,1,1,0,0,1,0,0,0,0,0,1
"NA19714","African American",0,0,0,1,0,0,0,0,0,0,0,1,1,0,0,2,0,2,0,2,0,2,0,0,1,0,0,1,0,1,0,0,NA,1,1,1,0,0,0,0,1,1,1,NA,0,2,2,1,0,NA,0,0,1,0,1,1,0,0,1,2,1,2,0,0,2,0,1,1,0,0,1,0,0,0,0,0,1,1,0,0,1,1,1,1,1,1,1,0,0,0,0,0,1,1,0,1,1,0,1,0
"NA19701","African American",0,1,0,0,0,0,0,0,0,2,0,1,1,0,0,1,0,0,0,2,0,0,0,0,0,0,1,1,0,1,0,0,0,1,1,2,0,0,0,1,1,2,1,0,0,1,1,0,0,0,0,0,1,0,1,2,0,0,0,1,1,0,0,2,1,1,2,0,0,0,0,1,0,0,0,0,1,0,1,1,1,1,1,1,1,2,1,0,1,0,1,0,1,0,0,0,1,1,0,0
"NA20129","African American",0,1,0,0,0,1,1,0,0,0,1,2,0,0,0,0,0,1,0,2,0,0,1,0,1,0,1,1,0,0,0,0,0,0,0,0,0,0,1,1,1,1,2,0,0,1,1,0,0,0,0,1,0,0,1,2,0,1,0,0,1,1,1,1,1,0,2,0,0,0,1,1,0,0,0,0,1,1,0,1,2,0,1,1,1,2,1,0,0,1,0,0,0,2,0,0,0,0,1,1
"NA19705","African American",0,0,0,0,0,0,1,0,0,0,0,1,0,0,2,0,0,2,0,2,0,0,1,0,1,1,0,0,0,0,0,0,0,0,0,0,0,0,0,0,0,1,1,0,0,0,1,0,0,0,0,1,0,0,1,1,0,0,0,2,2,1,0,2,2,2,1,1,0,0,1,0,1,0,0,0,1,1,1,0,1,0,0,1,2,2,0,0,1,0,1,0,1,1,0,0,1,0,1,2
"NA19836","African American",0,0,0,1,0,1,1,0,0,1,1,2,0,0,0,1,0,1,0,2,0,0,0,0,1,0,1,1,0,0,0,0,0,0,0,2,0,0,1,1,1,2,1,0,0,0,2,0,0,0,0,1,1,0,1,1,0,0,0,1,1,1,1,2,1,0,0,1,0,2,1,0,1,0,0,0,0,1,1,0,1,0,0,0,0,2,0,0,0,0,1,0,0,0,1,0,1,0,0,1
"NA19711","African American",0,0,0,1,0,0,0,0,0,1,0,1,0,0,0,1,1,0,0,1,1,0,0,0,1,1,0,0,0,0,0,0,0,0,0,1,0,0,1,2,0,1,0,0,0,2,1,0,0,0,0,1,1,1,1,0,0,0,0,1,2,1,0,2,1,1,1,1,1,0,0,0,1,0,0,0,2,1,1,1,1,0,0,0,1,2,0,0,2,0,1,1,1,0,0,0,0,0,0,1
"NA19702","African American",0,0,0,0,0,1,0,0,0,2,1,2,0,0,0,1,0,0,0,2,0,0,1,0,1,0,0,0,0,0,0,1,0,0,0,2,0,0,1,2,0,2,0,0,0,0,1,1,1,1,0,1,1,0,2,2,1,0,0,1,1,1,0,1,2,1,1,0,1,0,0,0,0,0,0,0,0,0,0,2,1,0,0,0,1,2,0,1,2,1,1,0,0,0,0,1,2,2,0,0
"NA20126","African American",2,0,0,0,0,0,0,0,0,1,0,1,1,0,1,1,0,0,0,0,0,1,0,0,1,0,0,0,0,0,1,0,1,1,1,2,0,0,1,1,1,1,1,0,0,0,1,0,0,0,0,1,2,0,1,2,0,2,0,0,1,1,0,2,2,0,2,1,0,0,0,0,1,0,0,1,2,0,0,0,0,1,1,0,1,2,0,1,2,2,2,1,0,0,1,0,0,0,0,1
"NA19915","African American",0,0,0,0,0,1,0,0,1,1,1,1,0,0,1,0,0,1,0,1,0,0,2,0,0,0,0,0,0,0,0,0,0,0,0,2,0,0,0,1,1,0,0,0,0,2,0,0,0,0,0,2,1,1,0,1,1,0,1,1,1,2,1,2,1,2,1,0,0,0,2,0,1,0,0,0,2,0,1,0,0,1,1,1,2,2,0,0,1,1,0,1,1,0,0,0,0,0,1,1
"NA19708","African American",0,0,0,0,0,0,0,0,0,0,0,1,0,0,1,0,0,0,0,1,1,1,0,0,2,0,1,0,0,0,0,0,0,1,1,1,0,0,1,0,0,1,1,2,0,1,0,1,1,0,0,1,0,0,0,1,0,1,1,0,2,2,0,0,1,1,2,1,0,1,0,0,0,0,0,0,0,1,2,0,1,1,1,1,0,2,0,0,1,0,0,1,0,0,1,0,0,0,0,0
"NA19918","African American",0,0,0,1,0,0,1,0,0,1,0,2,1,0,0,1,0,1,0,2,0,0,0,0,2,0,0,0,0,1,1,1,0,0,1,1,0,0,1,0,0,0,0,0,0,1,1,0,0,0,0,1,0,1,2,2,0,0,1,1,1,0,0,1,1,0,0,1,0,0,1,0,1,0,0,0,2,0,1,0,2,1,0,0,1,1,0,1,0,0,1,0,0,1,0,0,1,0,0,1
"NA19828","African American",0,1,0,0,0,0,0,0,1,2,0,1,1,0,0,0,0,0,2,1,0,1,1,0,1,1,1,0,0,0,1,0,0,0,1,1,0,0,1,1,0,0,1,0,0,0,0,0,0,0,0,1,0,0,1,1,1,0,1,2,2,1,0,1,0,1,1,0,0,0,1,0,1,0,0,1,2,0,0,0,0,1,0,1,2,1,0,0,0,2,0,0,0,1,2,0,0,1,0,1
"NA19985","African American",0,0,0,1,0,0,0,0,0,0,0,1,1,0,1,1,0,2,0,2,0,1,0,0,1,0,1,2,0,0,0,1,0,1,1,0,0,0,1,1,1,1,2,0,0,2,1,1,0,0,0,0,0,0,1,1,0,0,0,2,1,1,0,1,1,0,1,0,0,0,1,0,0,0,1,0,0,2,0,0,2,1,0,1,1,1,1,0,0,1,0,0,1,1,0,1,0,0,0,1
"NA20276","African American",1,0,0,1,0,0,1,0,0,1,0,1,1,0,1,0,0,0,0,1,0,1,1,0,1,0,0,0,0,0,0,0,1,0,1,2,0,0,0,1,1,1,0,0,0,2,1,1,0,0,0,0,1,1,1,1,1,0,1,2,2,2,0,1,2,0,0,0,0,0,1,0,1,0,NA,1,1,0,1,0,2,1,2,0,1,1,0,0,1,1,0,1,1,1,0,0,0,0,0,1
"NA20127","African American",0,0,0,1,0,0,1,0,0,0,0,2,1,0,0,0,0,0,0,2,0,1,1,0,2,0,0,0,0,0,0,0,0,0,0,1,0,0,1,1,0,1,1,0,0,2,1,0,1,0,0,0,0,0,1,1,0,1,0,2,2,1,0,2,1,0,0,1,0,1,NA,0,0,0,0,0,0,1,0,1,1,0,1,0,2,2,0,0,1,0,0,1,0,1,0,0,1,0,0,0
"NA19983","African American",0,0,0,1,0,0,0,0,0,1,0,2,0,0,0,0,0,0,0,2,0,0,0,0,1,1,0,0,0,0,1,1,0,0,0,0,0,0,0,0,0,1,0,0,0,1,1,1,1,0,0,1,0,0,0,1,0,0,0,1,1,2,0,2,2,0,1,1,0,0,2,1,1,0,1,0,1,1,0,0,1,0,1,1,2,2,1,0,0,1,0,0,2,1,0,0,1,0,1,0
"NA06989","European",1,0,0,0,0,1,0,0,0,0,0,0,0,0,0,1,0,0,0,0,1,2,1,0,0,0,0,0,0,0,0,1,1,0,1,1,0,0,1,2,1,1,0,1,0,0,0,0,0,0,0,0,0,0,0,2,0,1,0,1,2,2,2,0,2,1,2,0,0,0,0,1,0,0,0,1,1,0,1,1,0,1,0,1,0,0,0,0,NA,1,1,2,0,0,0,0,1,2,2,0
"NA11843","European",0,0,0,0,0,0,1,0,1,2,0,0,2,0,1,0,0,0,0,1,0,1,1,0,0,1,0,0,0,0,0,1,1,0,1,0,0,0,0,1,1,2,0,0,0,1,0,0,0,0,0,1,2,0,0,2,1,0,0,0,1,1,0,1,1,1,1,0,0,0,0,0,1,0,0,1,1,0,1,0,0,0,2,1,1,1,0,0,2,2,0,1,1,0,0,0,0,0,1,1
"NA12341","European",0,0,0,0,0,2,0,0,0,2,0,0,0,0,1,1,0,0,1,0,0,1,1,0,0,1,0,0,0,0,1,1,0,0,2,1,0,1,0,1,0,1,0,0,0,1,0,0,0,0,0,0,0,0,0,1,0,1,0,1,0,2,0,0,1,0,1,0,2,0,1,0,0,0,0,1,2,0,0,2,0,1,1,0,2,1,0,0,1,1,0,1,1,0,0,0,2,0,0,0
"NA10850","European",1,0,0,0,0,0,2,0,0,1,0,0,0,0,2,1,0,0,0,1,1,2,1,0,0,1,0,0,0,0,0,1,0,0,2,1,0,0,1,2,0,1,0,0,0,1,2,0,0,0,0,0,1,1,0,1,0,1,1,0,0,2,0,0,1,0,0,0,0,0,0,0,1,0,0,1,2,1,1,1,0,2,1,1,2,0,0,0,0,1,0,0,0,0,0,0,2,1,1,0
"NA06984","European",0,0,0,0,0,1,0,0,0,1,0,2,1,0,1,0,0,0,2,0,0,1,0,0,1,0,0,0,0,0,0,2,2,0,0,2,0,0,0,1,1,1,1,0,0,0,0,0,0,0,0,1,1,1,0,2,0,1,0,0,0,0,0,0,1,2,1,0,0,0,1,0,1,0,1,1,0,0,2,1,1,1,1,0,0,1,0,0,2,0,0,1,1,0,0,0,0,0,1,1
"NA10852","European",1,1,0,0,0,0,0,0,0,0,0,0,1,0,1,0,0,0,0,0,0,0,0,0,0,2,0,0,0,0,1,1,0,0,0,0,0,1,0,1,0,1,0,0,0,0,1,0,0,0,0,0,2,1,0,1,0,0,0,0,0,0,0,2,2,1,1,0,0,0,1,0,0,0,1,0,1,0,0,0,0,1,0,1,2,0,0,0,2,1,0,0,0,0,0,0,1,0,0,0
"NA12340","European",0,0,0,0,0,1,0,0,0,2,1,1,0,0,1,0,0,0,1,0,0,1,1,0,0,1,0,0,0,0,1,1,1,0,1,0,0,0,1,2,1,1,1,0,0,0,0,0,0,0,0,1,0,1,0,2,0,0,0,1,1,2,1,0,0,2,2,1,0,1,0,1,1,0,1,0,1,1,0,1,0,1,0,0,0,1,0,0,2,1,0,1,0,0,1,0,0,2,0,0
"NA12336","European",0,0,0,0,0,1,0,0,1,0,0,0,0,0,1,0,0,0,0,0,2,1,1,0,0,1,0,0,0,0,2,1,1,0,1,1,0,0,1,0,1,2,0,0,0,1,0,0,0,0,0,2,1,1,0,2,0,0,0,1,1,1,0,1,0,2,2,0,0,0,1,0,0,0,0,2,0,1,0,0,1,1,1,0,1,1,0,0,1,1,0,0,0,0,1,0,1,0,1,0
"NA07349","European",0,1,0,0,0,0,0,0,0,1,0,0,1,0,1,0,0,1,0,2,1,0,1,0,0,0,0,0,0,0,0,1,0,0,1,2,0,0,0,0,1,0,0,1,0,0,1,0,0,0,0,0,2,0,0,2,0,1,0,0,1,0,0,1,2,0,0,0,0,0,2,2,1,0,1,0,0,0,0,1,0,1,0,1,2,0,0,0,0,1,0,0,0,0,0,0,1,0,0,2
"NA12343","European",0,0,0,0,0,1,1,0,0,0,0,0,1,0,1,1,0,0,0,0,2,1,1,0,1,0,0,0,0,0,2,2,1,0,0,1,0,0,1,0,2,1,0,0,0,0,0,0,0,0,0,1,1,0,0,1,0,0,0,1,2,2,0,2,1,1,2,0,0,0,1,0,0,0,0,1,1,1,0,0,1,1,2,1,0,1,1,0,0,1,1,0,1,0,0,0,2,0,2,0
"NA12335","European",0,0,0,0,0,2,0,0,0,2,0,0,NA,0,2,1,0,0,0,0,0,0,1,0,0,0,0,0,0,0,2,2,0,0,2,1,0,0,1,1,0,1,1,0,0,1,0,0,0,0,0,1,0,0,0,1,0,1,0,0,1,2,0,0,1,1,2,1,1,0,1,0,0,0,0,1,2,1,0,1,0,2,1,0,1,1,0,0,1,2,0,1,1,0,1,0,1,1,0,0
"NA07347","European",0,0,0,0,0,0,0,0,0,1,1,0,1,0,1,1,1,1,0,1,1,0,0,0,0,0,0,0,0,0,0,1,0,0,1,1,0,0,0,1,1,1,1,1,0,0,0,0,0,0,0,0,1,0,0,2,0,0,0,0,0,1,0,1,1,1,1,0,0,0,1,1,0,0,1,0,1,0,1,1,1,0,1,0,2,0,0,0,0,1,0,1,1,0,0,0,0,0,1,1
"NA10853","European",0,0,0,0,0,0,0,0,1,2,0,0,1,0,0,0,0,0,0,0,0,0,1,0,0,1,0,0,0,0,0,1,0,0,1,0,0,0,1,1,1,1,0,1,0,0,1,0,0,0,0,1,2,0,0,2,0,1,0,0,0,0,0,1,1,0,2,0,0,0,1,0,0,0,0,1,1,0,1,1,0,1,1,0,0,0,0,0,2,2,0,1,1,0,0,0,0,0,0,1
"NA07346","European",0,1,0,0,0,0,0,0,0,2,0,0,0,0,0,0,1,0,0,2,1,0,2,0,0,1,0,0,0,0,0,0,0,0,1,1,0,0,0,0,1,0,0,0,0,0,1,0,0,0,0,0,1,0,0,2,0,2,0,0,1,0,0,0,2,0,1,0,0,0,2,2,2,0,0,1,0,1,0,0,1,2,0,2,2,1,1,0,1,0,0,1,1,0,0,0,2,1,0,2
"NA12342","European",1,0,0,0,0,0,0,0,1,0,0,0,0,0,1,0,0,0,0,0,2,1,1,0,0,1,0,0,1,0,1,1,2,0,1,0,0,0,0,0,0,1,0,0,0,1,0,0,0,0,0,1,1,1,0,1,0,1,0,1,0,0,0,1,0,1,2,0,0,0,1,0,1,0,0,1,0,1,0,0,0,2,0,1,1,1,0,0,2,1,1,0,0,NA,1,0,1,0,NA,0
"NA12045","European",1,1,0,0,0,0,0,0,1,1,0,0,0,0,1,0,0,0,0,1,0,0,1,0,0,1,0,0,0,0,1,2,0,0,1,0,0,1,0,1,1,0,0,0,0,0,2,0,0,0,0,1,1,1,0,1,0,0,0,0,0,0,0,2,2,0,1,0,1,0,0,1,0,0,0,0,0,0,1,0,0,1,0,0,1,0,0,0,1,1,0,0,0,0,0,0,1,0,0,0
"NA11831","European",0,0,0,0,0,1,0,0,0,1,0,1,0,0,1,1,0,0,0,1,0,0,2,0,0,0,0,0,0,0,0,0,0,0,0,2,0,1,0,2,1,1,0,0,0,0,0,0,0,0,0,1,0,2,0,2,0,1,0,0,0,1,0,0,2,0,1,0,0,0,0,0,1,0,0,0,2,0,1,0,1,1,1,0,2,1,1,0,1,1,0,0,0,0,0,0,2,1,0,0
"NA12146","European",0,0,0,0,0,0,1,0,0,1,0,0,1,0,1,1,0,0,1,0,1,0,0,0,1,2,0,0,0,0,1,1,1,0,2,1,0,0,0,1,0,1,0,0,0,0,0,0,0,NA,0,0,0,0,0,1,0,0,0,0,1,2,0,1,1,0,2,0,1,0,NA,1,1,0,1,2,1,0,1,0,0,2,1,1,1,0,1,0,1,2,0,0,1,0,2,0,2,1,0,0
"NA11882","European",0,0,0,0,0,1,0,0,1,0,1,0,0,0,1,0,0,0,0,0,0,1,0,0,0,0,0,0,0,0,2,1,0,0,1,0,0,0,1,2,1,1,0,0,0,1,1,0,0,0,0,1,1,0,0,2,0,1,0,0,0,0,0,2,1,1,2,0,0,0,0,0,0,0,0,1,1,0,2,1,0,0,2,1,2,0,0,0,0,1,0,0,0,0,0,0,0,0,1,0
"NA07056","European",0,0,0,0,0,0,0,0,1,2,0,0,0,0,0,0,0,0,0,1,0,2,0,0,0,1,0,0,0,0,0,0,1,0,1,0,0,1,0,2,2,1,0,0,0,1,0,0,0,0,0,1,0,1,0,1,0,1,0,0,0,0,0,1,2,1,1,1,0,0,2,0,0,0,1,0,0,0,1,1,0,0,1,2,2,1,0,0,1,1,0,0,1,0,0,0,1,0,0,1
"NA11839","European",0,0,0,0,0,1,1,0,1,2,0,1,0,0,2,1,0,0,0,1,1,0,1,0,0,1,0,0,0,0,1,2,0,0,1,1,0,0,0,0,2,1,0,0,0,1,0,0,0,0,0,0,0,0,0,1,0,0,0,1,0,1,0,0,2,0,1,0,0,0,1,1,1,0,1,0,2,0,1,1,1,1,1,1,1,1,1,0,2,0,0,1,1,0,0,0,1,0,0,0
"NA10859","European",0,0,0,0,0,1,0,0,1,1,1,1,0,0,1,0,0,0,0,0,0,1,0,0,0,1,0,0,0,0,1,1,1,0,1,0,0,0,1,2,0,2,0,1,0,1,1,0,0,0,0,1,0,1,0,2,0,1,0,0,1,1,0,2,2,0,2,0,0,0,1,0,0,0,1,0,1,0,2,1,0,1,2,0,1,0,0,0,0,1,0,1,0,0,0,0,1,0,2,1
"NA07348","European",0,0,0,0,0,0,1,0,1,2,0,1,1,0,1,0,0,0,0,2,1,1,0,0,0,1,0,0,0,0,1,0,0,0,1,0,0,1,1,0,1,0,0,0,0,1,1,0,0,0,0,0,1,0,0,1,0,0,0,0,1,2,0,1,1,1,2,0,2,0,1,0,1,0,1,0,0,1,1,1,0,2,0,2,1,0,0,0,2,0,0,0,1,0,0,0,1,0,1,0
"NA12044","European",2,0,0,0,0,0,0,0,0,1,0,0,2,0,0,0,0,0,1,0,1,0,0,0,0,2,0,0,0,0,1,1,1,0,2,1,0,0,2,2,1,1,0,0,0,0,0,0,0,1,0,0,0,1,0,1,0,0,0,1,0,2,0,1,1,1,1,0,1,0,0,0,2,0,0,1,0,0,0,1,0,2,0,0,0,0,0,0,1,1,0,1,0,0,1,0,2,1,0,0
"NA11829","European",0,0,0,0,0,0,1,0,0,2,0,0,0,0,1,0,2,0,0,0,0,0,1,0,0,1,0,0,0,0,0,1,0,0,2,1,0,0,0,0,2,0,0,0,0,1,0,0,0,0,0,1,2,0,0,1,0,0,0,0,1,0,0,0,2,2,1,0,1,0,1,2,0,0,0,0,2,1,1,0,0,2,1,2,1,2,0,0,0,1,0,0,0,1,1,0,1,0,1,0
"NA12239","European",1,1,0,0,0,0,1,0,1,1,0,1,0,0,0,0,0,1,1,1,0,0,1,0,0,1,0,0,0,0,0,1,1,0,2,2,0,0,1,0,0,0,0,0,0,1,0,0,0,0,0,0,1,0,1,2,0,0,0,0,0,2,0,2,1,1,2,0,0,1,1,1,0,0,0,0,2,1,0,0,0,1,1,0,2,0,0,0,0,1,1,1,0,0,1,0,1,1,1,0
"NA10856","European",0,0,0,0,0,1,0,0,0,2,0,0,0,0,2,0,1,0,0,0,0,0,1,0,0,0,0,0,0,0,0,0,1,0,2,2,0,0,0,1,1,1,0,0,0,2,0,0,0,0,0,1,1,0,0,1,0,1,0,0,0,1,0,1,2,2,1,0,1,0,0,1,0,0,0,0,2,0,1,1,0,1,0,1,2,2,1,0,0,0,0,0,1,1,0,0,1,0,2,0
"NA06985","European",0,1,0,0,0,0,0,0,0,1,1,1,2,0,0,1,0,1,0,2,0,0,0,0,0,0,0,0,0,0,1,1,1,0,1,2,0,0,0,0,0,1,1,NA,0,0,0,0,0,0,1,0,1,1,0,1,0,1,0,1,2,1,0,1,2,2,1,0,0,0,0,1,1,0,0,1,1,1,0,1,0,0,1,2,1,0,0,0,0,2,0,0,0,0,0,0,0,0,1,0
"NA07022","European",0,0,0,0,0,2,0,0,0,1,0,1,1,0,1,0,0,0,1,0,0,1,1,0,0,2,1,0,1,0,1,1,1,0,0,0,0,0,1,1,1,0,0,0,0,0,1,0,0,0,0,0,1,2,0,1,0,0,0,0,0,0,0,2,2,1,2,0,0,0,0,0,1,0,0,0,0,0,1,0,0,1,0,2,1,0,0,0,1,1,0,1,2,0,0,0,0,0,0,1
"NA07055","European",1,0,0,0,0,0,1,0,1,1,0,0,1,0,1,0,0,1,1,0,0,0,2,0,0,1,0,0,1,0,2,1,0,0,0,1,0,0,0,1,0,0,0,0,0,0,0,0,0,0,0,1,1,0,0,1,0,1,0,1,1,1,0,1,2,0,1,0,0,0,1,1,0,0,2,0,2,1,1,0,0,1,1,1,1,1,0,0,0,1,0,1,0,0,0,0,1,0,1,0
"NA12056","European",0,0,0,0,0,0,0,0,0,1,0,1,1,0,1,0,1,0,0,1,0,1,1,0,0,1,0,0,0,0,2,0,1,0,1,1,0,0,0,2,1,1,0,0,0,1,0,0,0,0,0,1,0,1,0,2,0,2,0,0,0,0,2,1,0,1,1,0,0,0,1,0,1,0,0,0,0,0,2,1,0,1,0,0,1,1,1,0,1,1,0,1,1,0,1,0,1,0,0,0
"NA12145","European",0,0,0,0,0,0,0,0,1,1,0,0,0,0,1,0,1,0,0,2,1,0,0,0,0,0,0,0,0,0,1,1,1,0,0,0,0,0,1,0,1,1,0,0,0,1,1,0,0,0,0,1,1,0,0,2,0,1,0,0,0,0,0,0,1,1,1,0,0,0,1,1,1,0,0,1,2,1,1,0,0,0,1,0,2,1,0,0,0,1,0,0,0,1,0,0,2,0,1,0
"NA10847","European",1,0,0,0,0,0,2,0,1,1,0,0,1,0,1,1,0,1,2,0,0,0,0,0,1,1,0,0,0,0,1,1,2,0,2,2,0,0,1,1,0,1,0,0,0,0,0,0,0,0,0,0,1,0,1,1,0,0,0,0,0,2,0,1,1,0,2,0,0,0,1,1,0,0,1,1,2,0,0,0,0,2,1,0,1,0,1,0,1,2,1,0,1,0,1,0,1,1,0,0
"NA07357","European",0,0,0,0,0,0,2,0,0,2,0,1,0,0,1,0,0,0,0,1,2,1,0,0,0,1,0,0,0,0,0,1,0,0,1,0,0,0,0,0,1,1,0,0,0,1,1,0,0,0,0,0,1,0,0,2,0,1,0,0,0,1,0,2,1,1,1,0,1,0,0,0,1,0,0,0,1,1,2,1,0,2,0,1,1,0,0,0,2,0,0,0,0,0,0,0,1,0,1,1
"NA12144","European",0,1,0,0,0,1,0,0,1,1,0,0,0,0,0,1,0,0,0,0,1,2,2,0,0,0,0,0,0,0,1,1,1,0,1,0,0,1,0,1,1,1,0,0,0,0,1,0,0,0,0,0,1,2,0,1,0,0,0,0,1,2,0,0,2,0,1,0,0,0,1,0,2,0,0,0,1,0,0,1,1,1,2,1,2,0,1,0,1,2,1,1,0,0,0,0,1,0,0,0
"NA07000","European",0,1,0,0,0,0,0,0,0,1,0,0,0,0,1,0,0,0,0,1,0,0,2,0,0,1,0,0,0,0,1,1,1,0,1,2,0,0,1,1,0,0,0,0,0,0,0,0,0,0,0,0,1,0,0,2,0,1,0,0,0,1,1,1,1,1,1,0,0,0,0,0,0,0,0,1,1,0,1,0,0,0,0,2,0,0,1,0,0,1,0,0,1,1,0,0,1,0,0,0
"NA11832","European",1,0,0,0,0,0,1,0,0,2,0,0,0,0,1,0,0,0,0,0,0,2,1,0,0,1,0,0,0,0,0,0,1,0,0,1,0,0,0,0,2,2,0,0,0,0,1,0,0,0,0,1,1,0,0,0,0,0,0,0,1,0,0,0,1,1,1,0,2,0,1,0,2,0,1,1,2,0,2,2,0,0,1,2,1,1,1,0,1,2,0,0,0,0,0,0,1,0,2,0
"NA06991","European",0,0,0,0,0,1,0,0,0,2,0,1,1,0,1,1,0,1,1,2,1,0,0,0,0,0,0,0,0,0,0,2,1,0,1,1,0,0,0,1,1,1,1,0,0,0,1,0,0,0,1,0,1,1,0,0,0,0,0,1,1,1,0,1,2,2,0,0,0,0,1,1,1,0,0,2,0,1,1,0,0,0,1,2,2,1,0,0,0,1,0,0,1,0,0,0,0,0,1,0
"NA11840","European",0,0,0,0,0,0,0,0,1,1,0,0,0,0,1,0,0,0,1,1,0,1,2,0,0,1,0,0,0,0,1,1,2,0,1,2,0,0,0,0,1,2,0,0,0,1,0,0,0,0,1,1,1,0,0,1,0,0,0,1,0,1,0,1,1,1,1,0,0,0,1,0,1,0,0,1,1,0,2,1,0,0,0,2,1,1,1,0,1,1,0,0,1,0,1,0,0,0,0,1
"NA10855","European",1,0,0,0,0,1,1,0,0,2,0,1,0,0,0,0,0,0,0,1,0,1,1,0,0,1,0,0,0,0,0,0,1,0,0,1,0,0,0,1,2,1,0,0,0,0,1,0,0,0,0,2,1,1,0,1,0,1,0,0,0,1,0,0,1,1,1,0,1,0,0,0,1,0,0,0,2,0,1,1,1,0,0,1,2,1,1,0,1,1,0,0,0,0,0,0,2,0,1,0
"NA06994","European",0,0,0,0,0,0,0,0,0,1,0,1,0,0,1,1,0,0,0,1,0,0,1,0,0,1,0,0,0,0,0,1,0,0,2,1,0,0,0,1,NA,2,0,0,0,1,1,0,0,0,0,0,0,0,0,2,0,0,0,0,1,1,0,1,1,2,1,0,0,1,1,0,1,0,0,1,1,0,1,1,0,1,1,1,1,0,1,0,1,0,0,1,0,0,0,0,1,1,1,0
"NA07345","European",0,0,0,0,0,1,0,0,2,2,0,0,1,0,1,0,0,0,0,1,1,1,0,0,0,2,NA,0,0,0,1,0,0,0,1,0,0,1,2,0,2,1,0,0,0,0,0,0,0,NA,0,0,0,0,0,1,0,1,0,0,1,2,0,1,1,1,2,1,1,0,2,0,1,0,1,1,0,1,1,1,0,2,1,2,2,0,1,0,1,0,0,1,1,0,0,0,0,0,0,0
"NA07029","European",0,1,0,0,0,0,0,0,0,1,0,1,0,0,1,1,0,0,0,0,0,0,2,0,0,2,0,0,0,0,1,0,1,0,2,1,0,0,0,0,0,1,0,0,0,0,0,0,0,0,0,0,1,0,0,2,0,0,0,0,0,2,0,0,0,2,1,0,0,1,1,0,1,0,0,2,2,0,2,0,0,1,1,1,0,0,2,0,0,0,0,1,0,0,0,0,1,1,1,0
"NA10846","European",0,1,0,0,0,1,0,0,0,2,0,0,0,0,0,1,0,0,0,1,2,1,1,0,0,0,0,0,0,0,2,2,1,0,1,0,0,0,1,1,2,0,0,0,0,0,0,0,0,0,0,0,2,1,0,1,0,1,0,0,1,1,0,0,1,0,2,0,0,0,2,0,2,0,0,1,2,1,0,1,0,0,1,1,2,1,1,0,0,2,0,0,0,0,0,0,1,0,0,0
"NA06993","European",0,0,0,0,0,1,0,0,0,2,0,0,0,0,2,0,0,0,1,1,1,0,0,0,0,0,0,0,0,0,1,1,1,0,1,1,0,0,0,2,2,0,0,0,0,0,1,0,0,0,0,1,0,0,0,1,0,0,0,0,0,0,0,2,2,1,1,0,0,0,1,0,1,0,0,1,0,0,1,0,0,0,0,1,2,2,0,0,0,1,0,1,1,0,0,0,0,1,0,0
"NA11830","European",0,0,0,0,0,1,0,0,0,2,0,0,0,0,2,0,1,0,1,0,0,1,0,0,0,0,0,0,0,0,0,0,1,0,1,1,0,0,1,1,0,1,0,0,0,2,0,0,0,0,0,0,0,1,0,1,0,1,0,0,0,1,0,2,1,1,2,0,1,0,1,0,0,0,0,0,2,0,1,2,0,1,0,0,1,1,2,0,1,0,0,0,1,0,0,0,0,0,1,0
"NA12057","European",0,0,0,0,0,1,0,0,2,1,0,0,1,0,2,0,1,0,0,0,1,0,0,0,0,2,0,0,0,0,1,2,1,0,1,0,0,1,1,0,1,1,0,0,0,0,2,0,0,0,0,0,0,0,0,2,0,2,0,0,0,1,0,1,2,2,0,0,0,0,2,0,1,0,1,1,0,2,1,0,0,0,0,0,1,0,0,0,2,1,0,2,1,0,0,0,1,1,0,0
"NA11881","European",0,0,0,0,0,2,1,0,1,2,0,1,0,0,0,0,1,0,0,0,1,1,0,0,0,1,0,0,0,0,0,1,1,0,2,0,0,0,1,2,1,2,0,1,0,0,0,0,0,0,0,0,0,1,0,1,0,1,0,0,1,1,0,1,2,1,2,0,0,0,1,0,1,0,1,0,0,1,2,0,0,2,1,1,1,0,0,0,0,1,0,1,0,0,0,0,2,0,1,1
"NA12043","European",0,0,0,0,0,1,0,0,1,1,0,0,0,0,1,0,0,0,1,0,1,1,1,0,0,0,0,0,0,0,1,2,1,0,1,1,0,0,0,0,0,1,0,1,0,2,1,0,0,0,0,0,1,0,0,1,0,1,0,0,0,1,0,2,1,2,1,0,1,0,0,0,0,0,0,0,1,1,1,2,0,0,2,0,2,0,1,0,2,1,0,1,0,0,0,0,2,NA,2,1
"NA10854","European",0,0,0,0,0,1,0,0,1,2,0,0,0,0,2,1,0,0,1,0,0,1,1,0,0,0,0,0,0,0,1,2,1,0,1,2,0,0,0,0,2,2,0,0,0,1,0,0,0,0,1,0,1,0,0,1,0,0,0,0,0,1,0,0,2,1,1,0,0,0,0,1,1,0,1,1,1,0,2,1,0,1,0,1,2,0,0,0,2,1,0,0,1,0,0,0,0,0,0,0
"NA18946","Japanese",0,0,0,0,0,0,0,0,0,0,0,0,0,0,0,0,0,1,0,0,0,1,0,0,0,0,0,0,0,0,1,1,1,1,1,2,0,0,0,2,1,0,0,0,0,1,2,0,0,0,0,1,2,2,0,1,0,2,0,1,2,0,0,2,0,2,1,0,0,1,0,1,1,0,0,0,2,0,0,1,1,1,1,2,0,0,0,0,1,0,1,0,0,0,1,0,1,0,1,1
"NA18979","Japanese",0,0,0,0,0,2,0,0,0,0,0,0,0,0,0,0,0,1,0,0,0,1,1,0,0,0,0,0,0,0,2,2,0,2,0,1,0,0,0,2,1,0,0,0,0,0,1,0,0,0,0,0,1,1,0,0,0,2,0,1,1,0,0,1,0,0,1,1,0,0,2,0,1,1,0,0,1,1,1,1,0,2,2,1,1,1,0,0,0,0,1,0,0,1,0,0,0,0,1,1
"NA19058","Japanese",0,0,0,0,0,0,0,0,1,0,0,0,0,0,1,1,0,0,0,0,0,1,2,1,0,0,0,0,0,1,1,0,1,0,1,2,0,0,0,2,0,1,1,0,0,2,1,0,0,0,1,1,0,0,0,0,0,0,0,1,1,0,0,2,0,0,1,0,0,0,0,0,1,0,0,0,2,1,0,1,1,2,0,0,1,0,0,1,1,0,0,1,0,0,0,0,0,0,1,0
"NA18993","Japanese",0,0,0,0,0,0,0,0,0,0,0,0,0,0,0,1,0,2,0,0,0,1,1,2,0,0,0,0,0,2,2,1,1,0,0,1,0,0,0,2,2,1,0,0,0,1,0,0,0,0,0,1,1,0,0,0,0,0,0,0,2,1,2,0,0,1,2,0,0,1,0,1,0,0,0,0,1,1,0,2,0,2,0,2,1,1,0,0,1,0,0,0,1,1,0,0,0,0,2,1
"NA19060","Japanese",0,0,0,0,0,1,0,0,1,0,0,1,0,0,0,1,1,1,0,0,0,0,1,1,0,0,0,0,0,0,1,1,2,0,0,1,0,0,0,2,0,0,0,0,0,2,0,0,0,1,0,0,1,0,0,0,0,1,1,0,0,0,0,2,0,0,1,1,1,0,1,0,1,0,0,1,2,0,1,1,1,0,0,1,0,0,0,0,0,1,1,1,1,1,0,0,2,0,2,0
"NA19062","Japanese",0,0,0,0,0,0,0,0,1,0,0,0,0,0,0,0,0,2,1,0,0,0,2,0,0,0,0,0,0,0,0,1,1,0,0,1,0,0,0,2,2,2,0,0,0,0,0,0,0,0,0,0,1,1,0,1,0,2,0,0,1,0,0,0,0,0,0,0,0,0,1,0,0,1,0,0,1,1,1,0,2,2,0,0,1,1,0,1,0,0,0,0,1,0,0,0,0,0,2,2
"NA18955","Japanese",0,0,0,0,0,0,1,0,0,1,0,1,0,0,0,0,0,1,0,0,0,1,1,1,0,0,0,0,0,2,1,1,0,0,1,0,0,0,0,2,2,0,0,0,0,2,0,0,0,0,0,1,2,0,0,1,0,1,0,1,1,1,0,0,0,2,1,0,1,0,0,2,1,0,0,0,1,0,2,0,1,2,0,1,0,1,1,1,1,1,0,2,0,0,0,0,1,0,0,0
"NA18962","Japanese",0,0,0,0,0,0,1,0,0,0,0,1,0,0,0,1,0,2,0,1,0,0,1,0,0,0,0,0,0,1,1,0,0,0,0,1,0,0,0,1,0,2,0,0,0,1,0,0,0,0,0,1,0,0,1,0,0,1,0,1,1,1,0,1,0,0,1,1,0,0,1,1,1,0,0,0,1,1,1,2,1,1,2,1,0,1,0,1,0,0,1,1,1,1,0,0,0,0,1,0
"NA18977","Japanese",0,0,0,0,0,1,0,0,0,0,0,0,0,0,1,0,0,1,1,0,0,1,1,1,0,0,0,0,0,2,2,1,1,2,0,1,0,0,0,1,1,0,0,0,0,2,0,0,0,0,0,1,1,0,0,0,0,2,0,1,0,0,0,0,0,1,2,0,0,1,1,0,1,0,0,0,1,2,1,2,1,1,1,1,2,1,0,0,0,1,1,0,0,0,0,0,0,0,2,0
"NA18954","Japanese",NA,1,1,0,0,0,0,0,0,0,0,2,0,0,0,0,0,1,0,1,0,1,0,0,0,0,0,0,0,1,1,1,0,0,1,2,0,0,0,2,1,0,0,0,0,2,0,0,0,0,1,0,1,0,0,2,2,2,0,0,1,1,0,0,0,0,0,0,0,0,0,0,0,1,0,0,0,1,1,1,0,1,1,1,1,1,0,0,0,0,0,0,0,0,1,0,0,0,0,1
"NA19066","Japanese",0,1,0,0,0,0,0,0,0,0,0,0,0,0,0,1,0,2,0,2,0,1,1,0,0,0,0,0,0,0,1,0,1,1,1,1,0,0,0,2,2,1,0,0,0,1,0,0,0,0,0,2,0,1,0,0,0,1,0,0,2,1,1,0,0,0,0,0,0,0,0,0,1,0,0,0,1,NA,1,0,0,1,1,2,1,2,0,0,2,2,1,0,1,1,0,0,0,0,0,0
"NA19010","Japanese",0,0,0,0,0,1,0,0,0,0,0,1,0,0,0,0,0,2,0,1,0,1,0,1,0,0,0,0,0,0,0,0,0,1,0,1,0,0,0,1,1,1,0,0,0,2,2,0,0,1,0,2,1,0,2,0,0,2,0,1,1,2,0,0,0,1,2,0,1,0,0,1,0,0,0,0,2,1,0,0,1,0,1,2,0,0,1,0,2,0,1,2,0,1,0,0,0,0,2,1
"NA19054","Japanese",0,1,0,0,0,1,0,0,0,0,0,1,1,0,1,0,0,2,0,0,0,1,1,0,0,0,0,0,0,1,0,1,0,0,1,1,0,0,0,2,0,1,NA,0,0,2,0,0,0,0,1,1,1,0,1,0,0,0,0,0,1,1,1,0,0,0,1,0,0,1,0,1,1,1,0,0,1,1,1,1,0,1,1,0,0,1,0,0,2,0,1,1,0,0,0,0,1,0,0,1
"NA19064","Japanese",0,1,0,0,0,1,1,0,0,0,0,2,0,0,0,0,0,0,0,0,0,1,0,1,0,0,0,0,0,0,0,1,0,1,0,1,0,0,0,2,1,1,0,0,0,1,2,0,0,1,0,0,1,0,1,0,1,0,0,0,1,0,0,0,0,1,2,1,0,0,2,1,1,0,0,1,1,0,0,1,1,2,0,1,1,0,0,0,1,1,0,1,1,0,1,0,0,0,1,0
"NA19072","Japanese",0,0,0,0,0,1,2,0,1,0,0,1,0,0,1,0,0,1,1,0,0,2,0,1,0,0,0,0,0,1,0,1,0,2,1,0,0,0,0,2,0,0,0,0,0,1,2,0,0,0,1,1,1,0,0,1,1,2,0,0,1,0,0,0,0,0,1,0,0,0,1,1,2,0,0,0,0,2,1,1,0,0,1,1,0,0,0,0,2,1,1,1,0,0,0,0,0,0,2,0
"NA19075","Japanese",0,0,0,0,0,0,0,0,0,0,0,0,0,0,0,0,1,1,0,1,0,1,1,0,0,0,0,0,0,1,0,2,2,0,0,2,0,0,0,1,2,2,0,1,0,1,1,0,0,1,2,1,2,1,1,1,1,1,0,0,0,1,0,1,0,1,1,1,0,0,1,0,1,0,0,0,0,2,1,1,1,2,1,0,0,1,0,1,0,0,1,0,0,0,0,0,0,0,1,0
"NA19065","Japanese",0,0,0,0,0,2,1,0,0,0,0,0,0,0,1,0,0,2,0,0,0,0,2,0,0,0,0,0,0,0,1,0,0,0,2,2,0,0,0,1,0,2,0,0,0,1,0,0,0,0,0,1,0,0,0,0,1,1,0,0,0,0,0,0,0,0,2,0,0,0,0,1,0,1,0,0,1,2,0,0,1,2,0,0,1,1,0,0,0,0,1,0,0,0,0,0,0,0,0,2
"NA19074","Japanese",0,1,0,0,0,2,0,0,0,0,0,0,0,0,0,0,0,0,0,0,0,1,0,0,0,0,0,0,0,1,0,1,1,2,1,2,0,0,0,2,1,1,0,0,0,1,0,0,0,0,0,2,1,0,0,1,0,1,0,1,1,1,0,1,0,1,1,0,0,0,1,0,1,2,0,0,0,1,1,1,2,0,0,1,0,1,0,0,1,0,2,1,1,0,0,0,0,0,1,0
"NA19076","Japanese",0,0,0,0,0,2,0,0,0,0,0,0,0,0,0,0,0,1,1,0,0,0,1,0,0,0,0,0,0,1,0,1,2,1,1,2,0,0,0,2,2,0,0,1,0,1,1,0,0,0,0,2,1,1,1,1,0,2,0,1,2,1,1,2,0,1,1,0,0,0,1,0,1,0,2,2,0,2,1,0,0,2,1,0,0,1,0,0,1,0,1,1,2,1,1,0,0,0,1,1
"NA19063","Japanese",0,0,0,0,0,1,0,0,0,0,0,0,0,0,0,0,0,1,0,1,0,0,0,1,0,0,0,0,0,1,1,1,0,0,0,2,0,0,0,2,2,0,1,0,0,1,1,0,0,0,1,2,0,0,0,1,0,1,0,0,2,1,0,1,0,0,1,0,1,0,1,1,1,0,0,0,1,1,1,0,1,0,0,1,0,1,0,0,1,0,0,0,0,0,0,0,0,0,0,0
"NA19002","Japanese",0,0,0,0,0,1,0,0,1,0,0,0,0,0,1,0,0,1,0,1,1,1,1,0,0,0,0,0,0,2,1,1,0,0,0,0,0,0,0,1,2,0,0,0,0,2,1,0,0,1,1,1,1,0,0,0,0,1,0,0,1,1,0,2,0,0,2,0,0,0,1,0,0,0,0,0,0,0,1,1,0,1,0,0,1,0,0,0,1,0,0,2,NA,0,1,0,1,0,2,0
"NA19067","Japanese",0,0,0,0,0,1,0,0,1,0,0,0,0,0,1,0,0,2,0,0,0,2,0,1,0,0,0,0,0,0,0,1,1,1,1,2,0,0,0,1,2,0,0,0,0,1,1,0,0,0,1,1,2,0,0,0,0,1,0,0,2,0,0,1,0,0,2,0,1,0,1,1,1,0,0,0,2,0,0,0,1,1,0,2,0,1,0,1,1,1,1,1,1,1,0,0,0,0,1,1
"NA19057","Japanese",0,0,0,0,0,0,0,0,1,0,0,0,1,0,1,0,0,1,0,0,0,0,0,0,0,0,0,0,0,0,1,1,0,0,1,2,0,0,0,1,2,0,1,0,0,0,1,0,0,0,0,1,1,1,0,0,0,2,0,1,1,1,1,1,0,0,0,1,0,0,0,1,2,0,0,1,0,2,0,2,0,1,1,1,0,1,1,0,1,1,1,1,0,0,2,0,0,0,0,0
"NA19068","Japanese",0,0,0,0,0,0,1,0,0,1,0,0,0,0,0,1,0,1,0,0,0,1,1,1,0,0,0,0,0,1,0,0,1,1,1,0,0,0,0,0,1,0,0,0,0,0,0,0,0,0,0,1,1,1,0,0,0,2,0,1,2,1,0,0,0,1,1,0,0,0,0,0,0,1,0,0,1,1,1,0,0,1,0,1,1,1,0,0,1,1,1,0,0,0,0,0,0,0,2,0
"NA19059","Japanese",0,0,0,0,1,1,0,0,1,0,0,0,0,0,0,0,0,1,0,0,0,2,0,1,0,0,0,0,0,0,1,0,0,1,0,2,0,0,0,1,0,1,0,1,0,0,1,0,0,0,1,1,0,1,0,0,0,1,0,0,2,1,1,1,0,0,2,0,1,0,0,0,0,0,0,0,0,2,1,1,0,1,0,1,2,1,0,0,1,1,2,0,0,0,0,0,0,0,1,0
"NA19070","Japanese",0,0,0,0,0,0,0,0,0,1,0,0,0,0,0,0,0,0,0,0,0,1,0,0,0,0,0,0,0,1,1,0,1,0,1,1,0,0,0,2,1,1,0,0,0,0,2,0,0,0,0,2,0,0,0,0,0,1,0,0,1,0,0,0,0,1,1,0,0,1,1,0,1,1,1,0,0,2,2,0,0,2,0,2,1,1,0,0,1,0,1,2,0,0,0,0,0,0,1,0
"NA19077","Japanese",0,0,0,0,0,1,1,0,0,1,0,1,1,0,0,0,0,1,0,0,0,2,1,0,0,0,0,0,0,1,0,2,1,1,0,1,0,0,0,0,1,0,0,0,0,0,0,0,0,0,0,2,1,0,0,2,1,1,0,1,2,1,0,0,0,2,2,0,0,1,0,2,2,0,0,0,0,1,0,0,2,2,0,1,0,0,0,0,1,0,0,1,2,0,0,0,0,0,0,0
"NA19078","Japanese",0,0,0,0,0,0,1,0,0,1,0,0,0,0,0,NA,0,1,0,0,0,2,0,1,0,0,0,0,0,0,0,0,2,0,0,1,0,0,0,2,1,0,0,1,0,2,1,0,0,0,1,0,1,0,0,0,0,1,0,0,1,0,0,0,0,0,1,0,0,0,0,0,1,1,0,0,0,NA,2,1,1,2,1,2,0,0,0,1,1,1,1,0,0,1,0,0,0,0,1,0
"NA19079","Japanese",0,1,0,0,0,1,1,0,0,0,0,1,0,0,1,1,0,2,1,0,0,2,0,0,0,0,0,0,0,0,1,1,1,0,0,2,0,0,0,1,2,0,0,0,0,2,0,0,0,0,1,2,0,0,1,0,0,0,0,2,2,1,1,1,0,1,2,0,1,0,0,1,0,1,1,0,1,0,0,0,0,1,1,1,0,0,0,0,1,1,2,1,0,0,0,0,1,0,0,0
"NA19080","Japanese",0,0,0,0,0,1,0,0,0,0,0,1,0,0,0,2,0,2,1,1,0,2,0,1,0,0,0,0,0,0,2,1,1,2,1,1,0,0,0,1,2,1,0,0,0,2,1,0,0,1,0,0,1,0,1,0,0,1,0,0,1,1,0,1,0,0,1,0,1,1,1,1,0,0,0,1,0,1,2,1,1,0,0,1,0,0,0,0,0,1,2,1,1,0,0,0,0,0,2,1
"NA19081","Japanese",0,0,0,0,0,2,0,0,0,0,0,1,0,0,0,0,0,0,0,2,0,2,1,2,0,0,0,0,0,0,0,0,1,2,0,2,0,0,0,1,0,0,0,0,0,2,0,0,0,0,0,1,2,1,1,1,0,1,0,0,1,1,0,0,0,0,1,0,0,0,1,0,0,0,1,0,0,0,2,1,0,1,1,1,0,0,0,0,1,1,0,0,0,0,0,0,0,0,2,1
"NA19083","Japanese",0,1,0,0,1,0,1,0,1,0,0,2,0,0,1,0,0,1,0,1,0,1,1,0,0,0,0,0,0,2,1,1,0,0,1,1,0,0,0,2,1,1,0,0,0,2,0,0,0,1,0,1,1,0,0,1,0,0,0,0,2,2,0,0,0,0,2,0,0,0,0,0,1,1,0,0,0,1,0,1,2,1,0,2,0,0,0,1,2,0,1,1,1,0,0,0,0,0,1,1
"NA19085","Japanese",0,0,0,0,0,0,0,0,0,0,0,1,0,0,0,0,1,1,0,1,0,1,0,0,0,0,0,0,0,0,2,1,0,1,1,2,0,0,0,1,2,2,0,0,0,2,1,0,0,1,0,1,0,1,1,0,1,0,0,0,1,0,0,1,0,0,2,0,0,0,0,1,0,0,0,0,1,1,0,2,0,1,1,0,0,1,0,0,1,1,0,0,1,0,0,0,0,0,1,1
"NA19084","Japanese",0,0,0,0,0,1,1,0,0,NA,0,0,0,0,0,1,0,1,0,2,1,1,0,2,0,0,1,0,0,0,0,0,2,1,0,0,0,0,0,2,1,2,0,1,0,1,1,0,0,0,0,1,1,1,1,1,0,2,0,0,1,2,0,1,1,0,1,0,0,0,0,0,0,2,0,0,0,0,2,1,0,2,1,2,0,0,0,0,NA,0,2,0,NA,0,0,0,0,0,1,1
"NA19086","Japanese",0,0,0,0,0,1,1,0,0,0,0,0,1,0,1,0,1,1,0,1,0,0,0,0,0,0,0,0,0,0,0,1,1,1,1,2,0,0,0,1,1,1,0,0,0,2,1,0,0,0,0,2,0,0,0,1,0,1,0,2,1,0,0,2,0,1,1,0,0,0,2,0,1,2,0,0,0,1,0,0,2,0,1,1,0,1,0,1,0,1,1,0,0,1,0,0,1,0,1,0
"NA18939","Japanese",0,0,0,0,0,2,0,0,0,0,0,0,0,0,0,0,0,0,0,1,0,1,2,0,0,0,0,0,0,0,0,1,2,0,1,0,0,0,0,2,1,0,0,0,0,1,1,0,0,0,0,2,1,1,0,0,0,1,0,0,1,2,0,1,0,0,1,0,0,0,1,1,0,0,0,0,1,1,1,0,1,1,0,1,0,1,0,1,1,0,1,0,1,1,0,0,0,0,0,1
"NA19088","Japanese",0,0,0,0,0,1,0,0,0,0,0,1,0,0,1,0,0,2,0,2,0,1,0,2,0,0,0,0,0,1,0,0,0,1,1,2,0,0,0,1,0,2,0,0,0,2,1,0,0,1,1,1,1,1,0,0,1,2,0,1,1,1,0,1,0,1,1,0,0,0,1,2,1,0,1,1,1,2,1,0,1,2,1,1,0,1,0,0,0,1,1,1,0,1,0,0,0,0,2,1
"NA19087","Japanese",0,0,0,0,0,0,0,0,0,0,0,1,NA,0,0,0,0,0,1,1,0,1,0,1,0,0,0,0,0,1,1,1,1,0,2,1,0,0,0,1,1,0,0,0,0,2,1,0,0,0,1,1,1,1,0,1,0,0,0,2,0,1,0,0,0,0,1,0,0,1,0,1,1,0,0,0,2,1,2,1,0,2,0,1,1,1,0,0,0,0,2,1,1,2,0,0,0,0,0,1
"NA19055","Japanese",0,0,0,0,0,0,0,0,0,0,0,0,0,0,1,0,0,1,1,1,0,1,1,1,0,0,0,0,0,1,0,1,1,0,2,1,0,0,0,2,1,0,0,0,0,2,2,0,0,0,0,0,0,2,1,0,0,2,0,0,2,2,1,1,0,0,1,0,0,0,0,0,1,0,0,0,0,2,0,0,1,1,1,1,1,0,0,0,0,0,2,1,1,0,0,0,0,0,2,2
"NA18957","Japanese",0,0,0,0,0,1,0,0,0,0,0,0,0,0,1,0,0,0,0,0,0,1,2,0,0,0,0,0,0,0,0,1,2,0,0,2,0,0,0,1,1,0,0,0,0,2,0,0,0,1,0,0,2,0,0,1,1,1,0,0,0,2,0,0,0,0,2,0,0,0,1,1,1,0,0,0,0,1,2,1,0,2,2,0,1,0,0,0,1,0,2,0,0,1,0,0,1,0,1,0
"NA18963","Japanese",0,1,0,0,0,1,0,0,0,1,0,0,0,0,1,0,0,1,1,0,0,1,0,1,0,0,0,0,0,2,0,2,0,0,0,2,0,0,0,2,2,0,0,0,0,1,1,0,0,0,2,0,1,0,1,0,0,2,0,0,2,0,0,0,0,0,1,0,1,0,0,1,2,1,0,0,0,1,0,0,0,2,2,1,1,2,0,1,2,0,0,0,1,1,0,0,0,0,2,1
"NA19001","Japanese",0,1,0,0,0,1,1,0,0,0,0,2,0,0,0,0,0,1,0,0,0,1,1,0,0,0,0,0,0,0,1,1,0,0,0,1,0,0,0,1,1,0,0,0,0,2,1,0,0,0,0,2,1,1,1,0,0,1,0,0,1,0,0,2,0,0,1,0,1,1,0,1,1,0,0,0,0,0,2,1,1,1,1,2,0,1,0,0,0,0,0,1,1,0,0,0,0,0,1,1
"NA19009","Japanese",0,0,0,0,0,1,0,0,0,0,0,0,0,0,1,0,0,2,0,0,0,1,1,0,0,0,0,0,0,1,0,0,1,0,0,2,0,0,0,2,1,0,0,0,0,2,2,0,0,1,0,0,2,1,1,0,0,2,1,1,1,2,1,0,0,1,1,0,0,0,1,2,0,0,0,0,2,1,0,1,0,0,1,1,1,1,0,0,2,1,1,1,2,0,0,0,1,0,1,0
"NA19056","Japanese",0,0,0,0,0,1,0,0,0,0,0,0,0,0,0,0,0,0,0,0,0,1,0,0,0,0,0,0,0,2,1,2,2,2,0,1,0,0,0,2,0,1,0,0,0,1,1,0,0,0,1,1,1,1,0,1,0,1,1,1,0,1,0,1,0,1,0,1,0,0,0,1,1,1,0,0,0,1,1,2,0,1,0,0,1,1,0,0,1,0,1,0,0,0,0,0,0,0,1,1
"NA18942","Japanese",0,0,0,0,0,2,1,0,0,0,0,1,0,0,2,0,0,0,0,1,0,0,0,0,0,0,0,0,0,2,0,2,1,0,0,1,0,0,0,2,2,0,1,0,0,1,0,0,0,0,1,1,1,0,2,2,0,1,0,0,2,0,0,1,0,0,1,1,0,1,1,2,0,2,0,0,0,0,0,1,2,1,1,2,1,1,1,0,0,0,1,0,0,0,1,0,0,0,0,0
"NA18949","Japanese",0,0,0,0,0,2,1,0,0,0,0,1,0,0,0,0,0,2,0,1,0,1,0,1,0,0,0,0,0,2,1,1,1,0,0,1,0,0,0,2,1,0,0,0,0,0,2,0,0,0,0,2,0,1,0,0,0,1,1,0,0,1,0,0,0,0,1,1,0,0,1,2,1,0,0,0,1,0,1,2,0,0,0,0,0,2,0,0,1,0,0,1,1,0,0,0,1,0,2,1
"NA18970","Japanese",0,0,0,0,0,1,0,0,0,0,0,0,0,0,0,1,0,1,0,0,0,1,1,0,0,0,0,0,0,1,2,1,1,0,0,2,0,0,0,1,0,0,0,0,0,1,0,0,0,0,0,2,0,0,2,0,0,2,0,0,1,1,0,1,0,0,2,0,0,0,1,0,0,0,0,0,0,2,2,2,2,1,0,0,1,1,0,0,1,0,0,2,1,0,0,0,1,0,2,1
"NA18945","Japanese",0,1,0,0,0,1,0,0,0,0,0,0,0,0,0,1,0,1,0,0,1,0,0,0,0,0,0,0,0,1,1,1,0,1,2,0,0,0,0,2,2,0,1,0,0,2,1,0,0,0,0,2,0,0,0,0,0,0,0,0,1,1,0,0,0,1,2,0,0,1,1,0,0,1,0,0,1,1,1,0,1,0,1,0,1,1,0,0,0,0,1,0,0,2,0,0,1,0,1,1
"NA18940","Japanese",0,0,0,0,0,0,1,0,0,0,0,0,1,0,1,1,0,1,0,1,0,1,0,0,0,0,0,0,0,1,1,1,1,1,2,2,0,0,0,2,1,0,1,0,0,2,1,0,0,2,0,0,1,1,2,0,0,1,0,0,2,1,0,0,0,1,1,1,0,0,0,1,1,0,0,0,1,1,0,2,1,0,1,0,0,0,0,1,0,0,1,2,1,1,1,0,0,0,1,0
"NA18964","Japanese",0,1,0,0,0,1,0,0,0,0,0,0,0,0,1,0,0,1,0,1,0,0,0,1,0,0,NA,0,0,0,1,0,0,0,0,2,0,0,0,1,2,0,0,0,0,2,0,0,0,0,1,2,0,1,1,1,0,2,1,1,2,0,0,2,0,0,2,0,0,0,0,2,0,1,0,0,1,NA,1,2,1,1,2,1,1,0,0,0,1,1,1,0,1,1,0,0,1,0,1,0
"NA18488","African",0,0,0,2,0,0,0,0,1,0,0,0,0,0,1,1,0,1,0,1,0,2,1,0,2,0,1,1,0,0,0,0,0,1,1,2,0,0,0,0,1,1,1,0,0,2,1,0,0,0,0,0,0,0,0,2,0,0,0,2,1,2,0,1,0,1,2,0,0,0,1,0,2,0,0,0,1,0,0,2,0,0,0,1,1,2,1,1,0,1,0,0,0,0,0,0,0,0,0,1
"NA18519","African",0,0,0,1,0,0,0,0,0,0,0,2,0,0,2,0,0,1,0,1,0,0,0,0,1,0,0,1,0,1,0,1,0,1,0,0,1,0,1,1,1,1,2,0,0,2,1,1,1,0,0,0,1,0,1,0,0,0,1,1,2,1,0,0,1,2,0,0,0,1,0,0,0,0,0,0,0,1,0,0,0,0,0,1,1,2,0,0,0,0,0,1,1,1,0,1,0,0,0,1
"NA19185","African",0,0,0,2,0,0,0,0,0,1,1,2,0,0,0,1,0,2,0,2,0,1,0,0,1,0,0,0,0,1,0,2,0,1,0,1,0,0,0,1,2,2,1,1,0,0,1,0,0,0,0,0,0,0,1,2,0,0,1,2,1,2,0,2,0,0,0,0,0,1,0,0,1,0,0,0,2,1,1,0,1,0,1,0,1,2,0,0,1,1,0,1,2,0,0,0,0,0,0,1
"NA19146","African",0,0,0,1,0,0,0,0,0,2,0,2,0,0,0,0,0,2,0,2,0,0,0,0,2,0,0,1,0,0,0,0,0,0,0,1,0,0,0,1,0,1,1,0,0,1,2,1,0,0,0,2,1,2,0,2,0,0,1,2,2,1,0,0,0,1,0,0,0,1,1,0,0,0,1,0,2,0,1,0,1,0,0,0,2,1,1,0,1,0,1,0,0,2,0,0,0,0,0,1
"NA19097","African",0,0,0,1,0,1,0,0,0,2,0,2,0,0,0,0,1,0,0,2,0,1,0,0,1,0,0,0,0,0,1,0,0,1,0,2,0,0,0,0,0,2,0,0,0,1,1,0,0,0,0,1,0,0,2,1,0,0,0,2,2,0,0,2,1,2,0,2,0,0,1,0,1,0,0,0,1,1,1,0,1,0,0,1,1,2,0,1,1,0,0,0,1,2,0,0,0,0,1,0
"NA18869","African",0,0,0,2,0,1,0,0,1,0,1,1,0,0,1,1,0,1,0,1,0,0,1,0,1,0,0,0,0,1,0,1,0,0,0,1,1,0,0,0,0,1,1,0,1,1,1,1,1,0,0,0,1,1,1,1,0,0,0,2,1,2,0,0,0,2,0,0,0,0,0,0,0,0,0,1,2,0,0,0,0,0,1,0,1,2,0,1,0,0,1,1,1,2,0,0,0,0,0,1
"NA19149","African",0,0,0,0,0,1,0,0,0,1,1,1,0,0,0,1,0,1,0,2,0,1,0,0,1,0,0,0,0,1,2,1,0,0,0,1,0,0,1,0,0,1,0,0,0,0,2,0,0,0,0,0,1,0,0,0,0,0,1,2,1,1,0,2,1,1,0,0,0,0,2,0,2,0,0,0,1,2,1,1,1,0,1,0,2,2,0,1,0,1,0,1,1,1,0,1,0,0,0,2
"NA18509","African",0,0,0,0,0,0,2,0,0,1,0,1,1,0,0,1,0,1,0,2,0,1,0,0,0,0,0,0,0,0,0,1,0,1,0,1,0,0,1,0,1,1,0,0,0,0,2,1,0,0,0,0,1,0,0,1,0,0,0,2,1,1,0,2,2,1,1,1,0,0,1,0,0,0,0,0,1,1,0,1,1,0,1,0,1,1,1,0,0,0,0,0,1,0,0,0,1,0,0,2
"NA19256","African",0,0,0,0,0,1,1,0,0,0,0,1,1,0,0,0,0,1,0,1,0,0,0,0,1,0,0,0,0,0,0,1,0,0,0,2,0,0,1,2,0,2,0,1,1,0,0,1,0,0,0,2,1,0,1,0,0,0,0,1,2,2,0,0,1,1,0,0,2,1,0,0,1,0,0,0,1,2,0,2,1,1,1,0,2,1,0,1,2,1,0,1,1,1,0,0,0,0,0,1
"NA19108","African",0,0,0,1,0,0,0,0,0,0,2,1,0,0,0,2,0,1,1,2,0,0,1,0,0,0,0,0,0,1,0,0,0,1,0,1,0,0,1,1,1,2,1,0,0,1,0,0,0,0,0,1,0,0,2,2,0,1,0,2,1,2,0,2,1,1,0,1,0,0,2,0,1,0,0,0,2,1,1,1,0,0,0,0,1,2,0,1,0,0,1,0,1,1,0,1,0,0,0,2
"NA18925","African",0,0,0,1,0,0,0,0,0,0,0,1,2,0,1,1,1,1,0,2,0,0,0,0,1,0,0,1,0,0,1,0,0,0,0,1,0,0,1,0,1,1,1,0,0,2,1,0,0,0,0,1,0,0,1,1,0,0,0,2,2,1,0,1,1,0,1,0,1,0,1,0,1,0,1,0,2,0,0,0,1,1,0,1,1,2,1,1,1,0,0,0,0,1,0,1,0,0,0,1
"NA19178","African",0,0,0,2,0,1,2,0,0,1,0,1,0,0,0,0,0,1,0,2,0,2,0,0,2,0,0,0,0,2,0,0,0,1,0,0,0,0,1,1,0,0,1,0,0,2,1,0,0,0,0,0,0,0,0,0,0,0,0,1,2,1,1,2,1,1,0,0,0,0,1,0,2,0,0,0,0,1,0,1,1,1,2,0,2,2,0,0,1,0,1,0,0,1,0,1,0,0,0,2
"NA18484","African",0,0,0,1,0,0,0,0,1,0,0,0,0,0,1,0,1,1,0,2,0,2,0,0,2,0,1,0,0,0,0,0,0,1,0,2,0,0,0,0,1,1,1,0,0,2,2,0,0,0,0,0,1,0,0,2,0,0,0,1,0,2,0,1,0,2,1,0,0,0,1,0,2,0,0,0,1,0,0,1,1,0,1,0,1,2,0,1,1,1,0,0,0,1,0,0,0,0,0,0
"NA18916","African",0,0,0,1,0,1,1,0,0,1,0,2,0,0,0,1,0,1,0,1,0,0,0,0,1,0,0,0,0,1,0,0,0,0,0,1,1,0,1,1,0,1,1,0,0,1,1,1,0,0,0,0,1,0,2,1,0,0,2,2,2,1,1,0,1,1,0,0,0,1,0,0,1,0,0,0,2,2,1,0,2,0,1,1,1,2,0,0,1,1,1,1,0,1,0,1,0,0,0,2
"NA19123","African",2,0,0,0,0,0,0,0,0,1,0,2,2,0,0,0,0,0,0,2,0,0,0,0,1,0,0,1,0,1,1,1,0,0,0,1,1,0,0,1,0,1,0,0,0,2,1,0,1,0,0,1,0,0,0,1,0,0,0,2,0,1,0,0,1,1,0,0,1,0,0,0,0,0,1,0,1,0,0,1,1,1,0,0,1,2,0,0,0,0,0,0,0,1,1,0,0,0,0,1
"NA19190","African",1,0,0,1,0,0,0,0,1,2,0,2,0,0,0,1,0,1,0,0,0,1,0,0,2,0,0,1,0,0,0,0,0,0,0,1,0,0,1,0,0,1,1,0,0,2,2,1,1,0,0,1,1,0,1,2,0,1,0,1,1,2,1,1,0,0,0,1,0,0,2,0,1,0,0,0,0,1,0,0,1,0,0,1,1,2,0,0,1,1,1,1,1,1,0,1,0,0,0,1
"NA19249","African",0,0,0,1,0,1,0,0,1,0,0,2,1,0,0,0,0,0,0,1,0,0,0,0,1,0,0,0,0,0,0,0,0,0,1,0,0,0,0,1,0,2,2,0,0,1,1,0,0,0,0,1,1,0,1,2,0,0,0,2,1,1,1,1,2,2,1,1,0,1,1,0,0,0,0,1,2,0,1,0,2,0,1,0,2,1,0,0,0,1,0,0,0,0,0,0,0,0,0,2
"NA19121","African",1,0,0,0,0,0,0,0,0,1,0,2,1,0,0,0,0,0,0,2,0,0,0,0,2,0,0,1,0,1,1,0,0,0,0,1,0,0,1,0,1,1,1,0,0,1,0,0,0,0,0,1,1,0,0,1,0,0,1,2,0,1,0,1,0,2,1,0,0,0,1,0,1,0,1,0,0,1,1,0,1,0,0,1,0,2,0,0,0,0,1,0,0,2,0,0,0,0,0,0
"NA18935","African",0,0,0,0,0,0,1,0,0,2,0,1,1,0,0,2,0,0,0,0,0,1,0,0,2,0,0,0,0,0,0,0,0,0,0,2,1,0,2,0,0,1,1,0,0,2,1,1,0,0,0,0,0,0,1,2,0,0,0,1,2,1,0,2,2,0,1,0,0,0,1,0,1,0,0,0,0,1,0,0,1,0,1,1,1,2,0,0,1,0,0,0,0,2,0,0,0,0,0,1
"NA18497","African",0,0,0,1,0,0,0,0,0,1,0,2,NA,0,0,0,1,1,0,1,0,1,1,0,2,0,0,0,0,0,1,0,0,0,0,0,0,0,1,2,2,1,1,1,0,2,1,1,0,0,0,0,2,0,0,2,0,0,0,2,2,0,0,1,1,2,2,1,0,0,1,0,0,0,0,0,0,0,0,1,1,0,1,0,2,2,0,0,1,1,0,0,1,1,0,0,0,0,1,2
"NA19113","African",0,0,0,1,0,0,0,0,0,2,0,0,1,0,0,1,0,2,0,2,0,0,1,0,1,0,0,1,0,0,0,1,0,0,0,1,0,0,1,1,1,2,0,0,0,2,2,1,0,NA,0,1,1,1,1,2,0,0,1,2,2,1,1,0,1,2,0,1,0,0,1,0,1,0,1,0,0,0,0,1,0,1,1,0,2,2,0,0,1,0,1,0,0,1,0,1,0,0,0,1
"NA19235","African",0,0,0,1,0,0,0,0,0,1,1,1,0,0,0,1,0,0,0,2,1,1,0,0,2,0,0,0,0,0,0,1,0,0,0,1,0,0,0,1,0,2,0,0,0,1,1,0,1,0,0,2,0,0,1,1,0,1,0,2,0,1,0,1,1,1,0,1,0,0,1,0,0,0,0,0,1,1,0,0,1,0,2,1,1,2,0,0,1,1,1,0,0,2,0,0,0,0,0,1
"NA19174","African",0,0,0,1,0,2,0,0,1,1,0,2,1,0,0,0,0,1,0,1,0,1,0,0,2,0,0,2,0,0,0,0,0,0,1,1,0,0,0,1,2,2,1,0,0,2,1,0,0,0,0,0,1,0,1,1,0,0,0,2,2,0,0,2,2,1,0,1,0,0,1,0,1,0,0,0,1,1,0,0,1,0,0,1,0,1,0,0,0,0,1,2,1,1,0,1,0,0,0,1
"NA19095","African",0,0,0,1,0,1,0,0,0,1,0,2,1,0,0,1,1,1,0,2,0,0,0,0,2,0,0,0,0,0,0,0,0,1,0,2,0,0,0,0,0,2,1,0,0,2,1,0,0,0,0,1,1,0,2,2,0,0,0,2,1,1,0,2,2,1,0,1,0,0,0,0,2,0,0,0,2,0,0,1,2,0,1,0,0,2,0,1,1,0,0,1,2,1,0,0,0,0,1,1
"NA19096","African",0,0,0,1,0,1,0,0,0,1,0,2,0,0,0,0,0,0,0,2,0,1,0,0,0,0,0,0,0,0,1,0,0,0,0,2,0,0,0,1,0,2,0,0,0,1,1,0,0,0,0,1,1,0,1,1,0,0,0,1,2,1,0,2,1,1,0,2,1,0,2,0,1,0,0,0,0,1,2,0,0,0,0,1,2,2,0,0,1,0,0,1,1,2,0,0,0,0,0,0
"NA18868","African",0,0,0,1,0,0,0,0,1,1,0,2,0,0,1,0,0,2,0,2,0,0,2,0,1,0,0,0,0,1,0,2,0,1,0,1,0,0,0,0,1,1,1,0,1,1,2,1,1,0,0,1,0,1,1,0,0,0,0,2,1,1,1,0,0,2,1,0,0,0,1,0,1,0,0,0,2,1,0,0,0,0,0,0,1,2,0,0,0,1,2,1,1,2,0,0,0,0,0,1
"NA18909","African",0,0,0,0,0,0,0,0,0,1,0,2,0,0,1,1,0,2,0,2,0,0,1,0,2,0,0,1,0,1,1,0,0,1,0,0,0,0,0,0,0,0,1,1,0,1,0,0,0,0,0,1,2,0,0,1,0,0,1,2,1,1,0,1,0,2,1,1,1,0,0,0,1,0,0,0,1,2,1,1,1,0,0,1,1,1,0,0,1,1,0,0,1,0,0,1,0,0,0,0
"NA18933","African",0,0,0,0,0,0,0,0,0,1,0,1,0,0,0,2,0,1,0,1,0,0,0,0,2,0,1,0,0,0,0,1,0,0,0,2,1,0,2,0,1,1,1,0,0,2,2,1,0,0,0,1,0,0,0,1,0,0,1,1,2,1,0,2,2,0,1,0,0,0,2,0,0,0,0,0,1,1,0,0,0,0,1,1,2,2,0,0,1,0,0,0,NA,1,0,0,0,0,0,1
"NA19175","African",0,0,0,2,0,0,0,0,0,1,0,1,1,0,1,0,0,1,0,1,0,1,1,0,2,0,0,0,0,2,0,0,0,0,0,2,0,0,1,2,0,0,0,0,0,2,1,0,1,0,0,1,1,0,0,2,0,0,0,2,1,2,0,0,1,1,0,0,0,0,1,0,1,0,0,0,2,1,1,0,2,0,0,0,2,2,0,0,0,0,0,0,0,0,0,0,0,0,0,2
"NA19247","African",0,0,0,2,0,0,0,0,0,0,0,2,1,0,0,0,0,1,0,2,0,1,0,0,1,0,0,0,0,0,0,0,0,0,1,1,0,0,1,1,0,2,1,1,0,0,2,0,1,0,0,0,1,0,1,2,0,0,0,2,2,0,1,2,1,1,2,1,0,0,1,0,0,0,0,0,1,0,1,0,1,0,1,0,2,1,1,0,0,0,1,0,0,1,0,0,0,0,0,2
"NA19151","African",0,0,0,0,0,0,0,0,0,0,1,1,0,0,0,1,0,1,0,1,0,1,0,0,2,0,0,0,0,1,1,1,0,0,0,2,0,0,2,0,0,1,1,0,0,0,1,0,0,0,0,0,1,1,0,1,0,0,1,2,1,1,0,2,2,2,1,0,1,0,1,0,1,0,0,1,1,1,0,1,1,0,2,0,2,2,0,1,1,0,1,1,1,1,0,1,0,0,0,2
"NA18489","African",1,0,0,1,0,1,1,0,0,0,0,1,0,0,0,0,0,2,0,1,0,1,1,0,2,0,0,0,0,0,0,0,0,0,0,0,0,0,1,1,0,2,2,0,1,1,1,0,0,0,0,1,0,0,2,1,0,0,1,2,2,0,0,1,1,1,0,0,0,0,0,0,0,0,0,1,2,1,0,0,2,1,1,0,2,2,0,0,1,1,0,0,2,1,1,1,0,0,0,2
"NA19181","African",0,0,0,0,0,2,0,0,0,1,1,1,0,0,0,2,0,1,0,2,0,1,1,0,1,0,1,1,0,0,0,0,0,1,0,2,2,NA,1,0,0,2,1,0,0,2,0,0,0,0,0,0,1,0,2,2,0,0,1,2,0,2,0,1,1,2,0,1,1,0,2,0,0,0,1,0,2,0,0,2,0,0,2,1,1,2,1,0,0,0,1,0,0,2,0,0,0,0,1,1
"NA19257","African",0,0,0,0,0,0,1,0,0,2,0,0,0,0,0,0,0,1,0,2,0,1,1,0,2,0,2,1,0,0,0,2,0,0,0,1,0,0,1,0,0,1,1,0,0,1,1,0,0,0,0,2,2,0,2,2,0,0,1,2,2,1,1,1,0,1,0,0,0,0,2,0,1,0,0,0,2,1,0,0,1,0,1,0,2,2,0,0,1,0,1,0,1,0,0,0,0,0,1,2
"NA19117","African",1,0,0,1,0,1,0,0,0,1,1,2,0,0,0,0,0,0,0,2,0,0,0,0,2,0,1,1,0,0,0,0,0,0,0,1,0,0,1,0,1,2,0,0,0,1,1,0,1,0,0,0,0,0,1,0,0,0,0,2,2,1,0,1,1,0,0,0,0,0,1,0,1,0,0,0,2,2,0,0,0,0,1,1,0,1,0,0,0,0,2,2,0,1,0,1,0,0,0,2
"NA19214","African",1,0,0,2,0,0,0,0,0,0,0,0,1,0,0,1,0,1,0,1,1,1,0,0,2,0,0,0,0,0,0,0,0,0,0,1,0,0,1,0,0,2,1,1,0,2,0,0,0,0,0,0,0,0,1,1,0,1,1,0,1,2,1,1,0,1,1,0,0,0,0,0,2,1,0,0,2,0,0,1,1,1,0,2,2,1,0,0,1,0,0,0,1,0,0,1,0,0,0,1
"NA18485","African",1,0,0,0,0,1,1,0,1,0,0,2,1,0,0,0,0,2,0,2,0,0,2,0,2,0,0,1,0,0,0,0,0,0,0,1,0,0,0,0,0,2,1,0,2,2,2,0,1,0,0,0,1,0,2,1,0,0,1,2,2,1,0,0,1,1,0,1,0,0,1,0,1,0,0,0,1,1,1,1,1,1,2,0,1,1,0,0,1,0,1,1,1,2,1,0,0,0,0,2
"NA19237","African",0,0,0,0,0,0,0,0,0,1,0,2,0,0,0,0,0,1,0,2,1,0,1,0,1,0,0,1,0,0,0,1,0,0,0,0,0,0,0,1,1,2,1,0,0,2,1,1,1,0,0,2,1,0,0,1,0,1,0,2,1,2,0,2,2,1,0,2,0,0,1,0,0,0,1,0,2,2,1,0,1,1,1,1,2,2,0,0,1,0,2,1,0,2,0,0,0,0,0,1
"NA18520","African",0,0,0,0,0,0,0,0,0,0,0,NA,0,0,0,NA,0,1,0,1,0,0,0,0,1,0,0,0,0,0,0,0,0,0,0,1,0,0,0,0,2,2,0,0,0,NA,2,0,0,0,0,0,0,0,1,2,0,NA,1,2,2,2,0,2,1,2,2,0,0,0,0,0,1,0,0,0,0,NA,0,1,0,0,0,0,2,0,0,0,1,2,0,1,2,0,0,0,0,0,0,0
"NA19213","African",0,0,0,0,0,0,1,0,0,1,0,2,1,0,1,0,0,1,0,1,0,1,1,0,2,0,1,1,0,0,0,0,0,0,0,1,0,0,2,0,0,2,0,0,0,1,1,0,0,0,0,1,0,0,0,0,0,0,0,2,2,0,0,2,2,2,0,0,0,0,0,0,1,0,0,0,2,0,0,1,1,0,1,0,2,2,0,0,1,1,1,0,1,1,0,1,0,0,0,1
"NA19224","African",0,1,0,0,0,1,0,0,0,1,0,1,1,0,1,0,0,2,0,2,0,1,0,0,2,0,0,0,0,2,0,2,0,1,0,2,0,0,1,1,0,2,1,0,0,1,2,0,0,0,0,1,0,0,2,2,0,1,0,2,2,1,0,0,1,0,0,0,1,0,1,0,1,1,0,0,0,1,1,1,1,0,0,0,2,2,0,0,1,0,0,0,0,2,0,0,0,0,0,1
"NA19197","African",0,0,0,2,0,0,1,0,0,0,0,2,0,0,0,0,0,1,0,2,0,0,0,0,2,0,0,0,0,0,0,0,0,0,0,2,0,0,2,0,1,1,1,1,0,2,0,0,1,0,0,1,0,0,1,2,0,0,2,2,0,1,0,2,0,0,1,0,0,0,0,0,2,0,0,1,1,1,0,1,1,1,0,0,2,0,1,0,1,2,0,1,1,1,0,0,0,0,0,1
"NA19191","African",1,1,0,0,0,0,0,0,0,2,0,1,0,0,0,0,0,1,0,1,0,0,0,0,1,0,0,2,0,0,0,0,0,0,0,1,0,0,1,0,0,1,2,0,0,1,2,0,1,0,0,1,1,0,2,2,0,0,1,1,0,1,1,2,0,0,1,1,0,0,1,0,0,0,0,0,1,1,0,0,2,0,1,1,2,2,0,0,1,2,1,2,1,2,0,0,0,0,0,0
"NA18911","African",0,0,0,0,0,0,0,0,0,1,0,2,0,0,2,1,0,2,0,2,0,0,0,0,2,0,0,0,0,0,0,1,0,0,0,1,0,0,1,1,1,0,2,1,0,1,0,0,0,0,0,0,1,0,1,1,0,0,1,2,1,0,1,0,1,1,1,0,1,0,1,0,2,0,0,0,1,1,0,1,1,0,1,0,2,1,0,0,1,0,0,0,1,1,0,0,0,0,0,1
"NA18518","African",0,0,0,1,0,0,0,0,0,0,0,2,0,0,1,0,0,1,0,1,0,0,0,0,0,0,0,1,0,1,0,1,0,0,0,0,1,0,1,1,2,2,1,0,0,1,1,0,0,0,0,0,0,0,1,1,0,1,0,1,2,2,0,1,2,2,1,0,0,1,0,0,0,0,0,0,0,2,0,1,0,0,0,0,1,1,0,0,0,1,0,1,2,0,0,0,0,0,0,1
"NA19198","African",0,0,0,0,0,0,1,0,0,0,0,1,0,0,1,2,0,1,0,2,0,1,0,0,0,0,0,2,0,0,0,0,0,0,0,1,0,0,2,1,1,1,1,0,0,1,1,1,0,0,0,1,0,0,1,1,0,1,0,2,2,1,0,2,1,0,0,0,0,1,1,0,0,0,1,0,2,0,0,2,1,1,0,0,1,2,0,0,1,1,1,0,0,0,0,0,0,0,0,1
"NA19122","African",1,0,0,1,0,0,0,0,0,0,0,2,1,0,0,0,0,1,0,2,0,0,1,0,0,0,0,0,0,0,1,1,0,0,0,1,1,0,1,2,0,2,0,0,0,2,1,1,1,0,0,1,0,0,1,0,0,0,0,2,0,2,0,1,1,1,1,1,2,0,1,0,1,0,0,0,2,1,1,2,1,1,0,1,1,2,0,1,0,1,0,0,0,1,1,0,0,0,0,1
"NA18930","African",1,0,0,2,0,1,0,0,0,2,0,1,1,0,0,0,0,2,0,2,0,0,1,0,1,0,0,0,0,0,0,0,0,0,0,2,0,0,0,0,0,1,1,0,0,1,2,0,0,0,0,0,0,0,1,1,0,0,1,1,1,1,0,0,1,2,0,0,0,1,0,0,1,0,0,0,2,2,0,0,1,0,0,0,0,1,1,0,0,1,1,0,0,2,0,0,0,0,0,2
"NA18934","African",0,0,0,0,0,0,1,0,1,2,0,1,1,0,0,1,0,1,0,1,0,1,0,0,1,0,0,0,0,1,0,0,0,0,0,1,0,0,1,0,1,2,1,0,0,2,1,0,0,0,0,0,0,0,1,2,0,0,0,1,2,1,0,2,1,1,0,0,0,0,1,0,1,0,0,0,1,1,0,0,1,0,0,1,1,2,0,0,1,0,0,0,0,2,0,0,0,0,0,0
"NA18924","African",1,0,0,0,0,1,0,0,0,0,0,2,1,0,0,0,0,2,0,2,0,0,0,0,2,0,0,0,0,0,0,0,0,0,0,1,0,0,0,1,1,0,2,0,0,2,1,0,1,0,0,0,1,1,0,1,0,0,1,2,2,2,0,2,1,0,1,1,0,0,1,0,1,0,NA,0,1,1,1,0,0,1,0,0,2,2,1,0,0,1,0,0,0,2,0,1,0,0,0,1
